               epoch,      train/box_loss,      train/obj_loss,      train/cls_loss,   metrics/precision,      metrics/recall,     metrics/mAP_0.5,metrics/mAP_0.5:0.95,        val/box_loss,        val/obj_loss,        val/cls_loss,               x/lr0,               x/lr1,               x/lr2,     metrics/pig_mAP,  metrics/pig_mAP_50
                   0,            0.094283,               0.124,                   0,             0.34241,             0.72092,             0.40252,              0.1364,            0.068711,             0.10719,                   0,            0.070508,           0.0032768,           0.0032768,              0.1364,             0.40252
                   1,            0.057043,             0.10543,                   0,             0.60079,             0.78621,             0.70807,             0.34758,            0.049206,             0.05869,                   0,            0.037236,           0.0033381,           0.0033381,             0.34758,             0.70807
