epoch,time,train/box_loss,train/cls_loss,train/dfl_loss,metrics/precision(B),metrics/recall(B),metrics/mAP50(B),metrics/mAP50-95(B),val/box_loss,val/cls_loss,val/dfl_loss,lr/pg0,lr/pg1,lr/pg2
1,18.6426,1.06027,0.95674,1.16742,0.93956,0.9317,0.9697,0.72411,0.87155,0.77473,1.06537,0.000655367,0.000655367,0.000655367
2,30.1813,0.90456,0.56886,1.06786,0.95585,0.95898,0.98492,0.74635,0.82496,0.50505,1.04446,0.000667627,0.000667627,0.000667627
